{"username": "zxcv", "password": "zxcv", "create time": 1518674611.9647844, "last login": 1519603528.8572705, "exp": {"fishing": 233}, "inventory": {"i00000": 20, "i00001": 51, "i01001": 55, "i01002": 48, "i01003": 23, "i02001": 0, "i02002": 1, "i02003": 0, "i02004": 0}, "position": "here"}